{
    "accuracy": 0.9833333333333333,
    "precision": 1.0,
    "recall": 0.9833333333333333,
    "f1_score": 0.9915966386554621,
    "confusion_matrix": [
        [
            3540,
            60
        ],
        [
            0,
            0
        ]
    ]
}