{
    "accuracy": 0.9847222222222223,
    "precision": 1.0,
    "recall": 0.9847222222222223,
    "f1_score": 0.9923023093072079,
    "confusion_matrix": [
        [
            3545,
            55
        ],
        [
            0,
            0
        ]
    ]
}