{
    "accuracy": 0.9838888888888889,
    "precision": 1.0,
    "recall": 0.9838888888888889,
    "f1_score": 0.991879025483058,
    "confusion_matrix": [
        [
            3542,
            58
        ],
        [
            0,
            0
        ]
    ]
}