{
    "accuracy": 0.9841666666666666,
    "precision": 1.0,
    "recall": 0.9841666666666666,
    "f1_score": 0.992020159596808,
    "confusion_matrix": [
        [
            3543,
            57
        ],
        [
            0,
            0
        ]
    ]
}