{
    "accuracy": 0.7902644230769231,
    "precision": 1.0,
    "recall": 0.7902644230769231,
    "f1_score": 0.8828465928163813,
    "confusion_matrix": [
        [
            1315,
            349
        ],
        [
            0,
            0
        ]
    ]
}