{
    "accuracy": 0.79125,
    "precision": 1.0,
    "recall": 0.79125,
    "f1_score": 0.8834612700628053,
    "confusion_matrix": [
        [
            633,
            167
        ],
        [
            0,
            0
        ]
    ]
}