{
    "accuracy": 0.9555555555555556,
    "precision": 1.0,
    "recall": 0.9555555555555556,
    "f1_score": 0.9772727272727273,
    "confusion_matrix": [
        [
            3440,
            160
        ],
        [
            0,
            0
        ]
    ]
}