{
    "accuracy": 0.9491666666666667,
    "precision": 1.0,
    "recall": 0.9491666666666667,
    "f1_score": 0.9739204788371099,
    "confusion_matrix": [
        [
            3417,
            183
        ],
        [
            0,
            0
        ]
    ]
}