{
    "accuracy": 0.9577777777777777,
    "precision": 1.0,
    "recall": 0.9577777777777777,
    "f1_score": 0.9784335981838819,
    "confusion_matrix": [
        [
            3448,
            152
        ],
        [
            0,
            0
        ]
    ]
}