{
    "accuracy": 0.9597222222222223,
    "precision": 1.0,
    "recall": 0.9597222222222223,
    "f1_score": 0.9794472005669739,
    "confusion_matrix": [
        [
            3455,
            145
        ],
        [
            0,
            0
        ]
    ]
}