{
    "accuracy": 0.9563888888888888,
    "precision": 1.0,
    "recall": 0.9563888888888888,
    "f1_score": 0.9777083629135312,
    "confusion_matrix": [
        [
            3443,
            157
        ],
        [
            0,
            0
        ]
    ]
}