{
    "accuracy": 0.9927777777777778,
    "precision": 1.0,
    "recall": 0.9927777777777778,
    "f1_score": 0.9963758015054363,
    "confusion_matrix": [
        [
            3574,
            26
        ],
        [
            0,
            0
        ]
    ]
}