{
    "accuracy": 0.9933333333333333,
    "precision": 1.0,
    "recall": 0.9933333333333333,
    "f1_score": 0.9966555183946488,
    "confusion_matrix": [
        [
            3576,
            24
        ],
        [
            0,
            0
        ]
    ]
}