{
    "accuracy": 0.8395061728395061,
    "precision": 1.0,
    "recall": 0.8395061728395061,
    "f1_score": 0.912751677852349,
    "confusion_matrix": [
        [
            2720,
            520
        ],
        [
            0,
            0
        ]
    ]
}