{
    "accuracy": 0.8638888888888889,
    "precision": 1.0,
    "recall": 0.8638888888888889,
    "f1_score": 0.9269746646795828,
    "confusion_matrix": [
        [
            2799,
            441
        ],
        [
            0,
            0
        ]
    ]
}