{
    "accuracy": 0.8237654320987654,
    "precision": 1.0,
    "recall": 0.8237654320987654,
    "f1_score": 0.9033677441191402,
    "confusion_matrix": [
        [
            2669,
            571
        ],
        [
            0,
            0
        ]
    ]
}