{
    "accuracy": 0.7404320987654321,
    "precision": 1.0,
    "recall": 0.7404320987654321,
    "f1_score": 0.8508600815747474,
    "confusion_matrix": [
        [
            2399,
            841
        ],
        [
            0,
            0
        ]
    ]
}