{
    "accuracy": 0.8302469135802469,
    "precision": 1.0,
    "recall": 0.8302469135802469,
    "f1_score": 0.9072512647554807,
    "confusion_matrix": [
        [
            2690,
            550
        ],
        [
            0,
            0
        ]
    ]
}