{
    "accuracy": 0.8611111111111112,
    "precision": 1.0,
    "recall": 0.8611111111111112,
    "f1_score": 0.9253731343283582,
    "confusion_matrix": [
        [
            2790,
            450
        ],
        [
            0,
            0
        ]
    ]
}