{
    "accuracy": 0.8185185185185185,
    "precision": 1.0,
    "recall": 0.8185185185185185,
    "f1_score": 0.9002036659877801,
    "confusion_matrix": [
        [
            2652,
            588
        ],
        [
            0,
            0
        ]
    ]
}