{
    "accuracy": 0.7484567901234568,
    "precision": 1.0,
    "recall": 0.7484567901234568,
    "f1_score": 0.8561341571050308,
    "confusion_matrix": [
        [
            2425,
            815
        ],
        [
            0,
            0
        ]
    ]
}