{
    "accuracy": 0.8679012345679012,
    "precision": 1.0,
    "recall": 0.8679012345679012,
    "f1_score": 0.929279576999339,
    "confusion_matrix": [
        [
            2812,
            428
        ],
        [
            0,
            0
        ]
    ]
}