{
    "accuracy": 0.8669753086419754,
    "precision": 1.0,
    "recall": 0.8669753086419754,
    "f1_score": 0.928748553479914,
    "confusion_matrix": [
        [
            2809,
            431
        ],
        [
            0,
            0
        ]
    ]
}