{
    "accuracy": 0.8700617283950617,
    "precision": 1.0,
    "recall": 0.8700617283950617,
    "f1_score": 0.9305165868955272,
    "confusion_matrix": [
        [
            2819,
            421
        ],
        [
            0,
            0
        ]
    ]
}