{
    "accuracy": 0.8438271604938271,
    "precision": 1.0,
    "recall": 0.8438271604938271,
    "f1_score": 0.9152996317375293,
    "confusion_matrix": [
        [
            2734,
            506
        ],
        [
            0,
            0
        ]
    ]
}