{
    "accuracy": 0.9936111111111111,
    "precision": 1.0,
    "recall": 0.9936111111111111,
    "f1_score": 0.9967953183781525,
    "confusion_matrix": [
        [
            3577,
            23
        ],
        [
            0,
            0
        ]
    ]
}