{
    "accuracy": 0.9930555555555556,
    "precision": 1.0,
    "recall": 0.9930555555555556,
    "f1_score": 0.9965156794425087,
    "confusion_matrix": [
        [
            3575,
            25
        ],
        [
            0,
            0
        ]
    ]
}