{
    "accuracy": 0.9922222222222222,
    "precision": 1.0,
    "recall": 0.9922222222222222,
    "f1_score": 0.996095928611266,
    "confusion_matrix": [
        [
            3572,
            28
        ],
        [
            0,
            0
        ]
    ]
}