{
    "accuracy": 0.9972222222222222,
    "precision": 1.0,
    "recall": 0.9972222222222222,
    "f1_score": 0.9986091794158554,
    "confusion_matrix": [
        [
            3590,
            10
        ],
        [
            0,
            0
        ]
    ]
}