{
    "accuracy": 0.9977777777777778,
    "precision": 1.0,
    "recall": 0.9977777777777778,
    "f1_score": 0.9988876529477196,
    "confusion_matrix": [
        [
            3592,
            8
        ],
        [
            0,
            0
        ]
    ]
}