{
    "accuracy": 0.9988888888888889,
    "precision": 1.0,
    "recall": 0.9988888888888889,
    "f1_score": 0.9994441356309061,
    "confusion_matrix": [
        [
            3596,
            4
        ],
        [
            0,
            0
        ]
    ]
}