{
    "accuracy": 0.8203703703703704,
    "precision": 1.0,
    "recall": 0.8203703703703704,
    "f1_score": 0.9013224821973551,
    "confusion_matrix": [
        [
            2658,
            582
        ],
        [
            0,
            0
        ]
    ]
}