{
    "accuracy": 0.8540123456790123,
    "precision": 1.0,
    "recall": 0.8540123456790123,
    "f1_score": 0.9212585317130014,
    "confusion_matrix": [
        [
            2767,
            473
        ],
        [
            0,
            0
        ]
    ]
}