{
    "accuracy": 0.8166666666666667,
    "precision": 1.0,
    "recall": 0.8166666666666667,
    "f1_score": 0.8990825688073394,
    "confusion_matrix": [
        [
            2646,
            594
        ],
        [
            0,
            0
        ]
    ]
}