{
    "accuracy": 0.854320987654321,
    "precision": 1.0,
    "recall": 0.854320987654321,
    "f1_score": 0.9214380825565912,
    "confusion_matrix": [
        [
            2768,
            472
        ],
        [
            0,
            0
        ]
    ]
}