{
    "accuracy": 0.8635802469135803,
    "precision": 1.0,
    "recall": 0.8635802469135803,
    "f1_score": 0.9267969526333223,
    "confusion_matrix": [
        [
            2798,
            442
        ],
        [
            0,
            0
        ]
    ]
}