{
    "accuracy": 0.8277777777777777,
    "precision": 1.0,
    "recall": 0.8277777777777777,
    "f1_score": 0.9057750759878419,
    "confusion_matrix": [
        [
            2682,
            558
        ],
        [
            0,
            0
        ]
    ]
}