{
    "accuracy": 0.9561111111111111,
    "precision": 1.0,
    "recall": 0.9561111111111111,
    "f1_score": 0.9775631922749219,
    "confusion_matrix": [
        [
            3442,
            158
        ],
        [
            0,
            0
        ]
    ]
}