{
    "accuracy": 0.9855555555555555,
    "precision": 1.0,
    "recall": 0.9855555555555555,
    "f1_score": 0.9927252378287633,
    "confusion_matrix": [
        [
            3548,
            52
        ],
        [
            0,
            0
        ]
    ]
}