{
    "accuracy": 0.9830555555555556,
    "precision": 1.0,
    "recall": 0.9830555555555556,
    "f1_score": 0.9914553859083906,
    "confusion_matrix": [
        [
            3539,
            61
        ],
        [
            0,
            0
        ]
    ]
}