{
    "accuracy": 0.9941414141414141,
    "precision": 1.0,
    "recall": 0.9871111111111112,
    "f1_score": 0.9935137553120108,
    "confusion_matrix": [
        [
            4442,
            58
        ],
        [
            0,
            5400
        ]
    ]
}