{
    "accuracy": 0.9944444444444445,
    "precision": 1.0,
    "recall": 0.9944444444444445,
    "f1_score": 0.9972144846796658,
    "confusion_matrix": [
        [
            358,
            2
        ],
        [
            0,
            0
        ]
    ]
}