{
    "accuracy": 0.995679012345679,
    "precision": 1.0,
    "recall": 0.995679012345679,
    "f1_score": 0.9978348283328178,
    "confusion_matrix": [
        [
            3226,
            14
        ],
        [
            0,
            0
        ]
    ]
}