{
    "accuracy": 0.9978395061728395,
    "precision": 1.0,
    "recall": 0.9978395061728395,
    "f1_score": 0.998918584891086,
    "confusion_matrix": [
        [
            3233,
            7
        ],
        [
            0,
            0
        ]
    ]
}