{
    "accuracy": 0.9984567901234568,
    "precision": 1.0,
    "recall": 0.9984567901234568,
    "f1_score": 0.9992277992277991,
    "confusion_matrix": [
        [
            3235,
            5
        ],
        [
            0,
            0
        ]
    ]
}