{
    "accuracy": 0.9975308641975309,
    "precision": 1.0,
    "recall": 0.9975308641975309,
    "f1_score": 0.9987639060568604,
    "confusion_matrix": [
        [
            3232,
            8
        ],
        [
            0,
            0
        ]
    ]
}